{"cameraMode":{"drawMode":0,"name":"Shaded","section":"Shading Mode"},"sceneLighting":true,"audioPlay":false,"sceneViewState":{"showFog":true,"showMaterialUpdate":false,"showSkybox":true,"showFlares":true,"showImageEffects":true,"showParticleSystems":true},"in2DMode":false,"pivot":{"x":496.3905334472656,"y":31.550128936767579,"z":481.1770324707031},"rotation":{"x":0.19299101829528809,"y":-0.6211847066879273,"z":0.1615348607301712,"w":0.7422002553939819},"size":3.133026361465454,"orthographic":true}