{"cameraMode":{"drawMode":0,"name":"Shaded","section":"Shading Mode"},"sceneLighting":true,"audioPlay":false,"sceneViewState":{"showFog":true,"showMaterialUpdate":false,"showSkybox":true,"showFlares":true,"showImageEffects":true,"showParticleSystems":true},"in2DMode":false,"pivot":{"x":502.55035400390627,"y":32.2445068359375,"z":522.6196899414063},"rotation":{"x":0.1268479824066162,"y":-0.20088277757167817,"z":0.026241065934300424,"w":0.9710201621055603},"size":8.253925323486329,"orthographic":true}