{"cameraMode":{"drawMode":0,"name":"Shaded","section":"Shading Mode"},"sceneLighting":true,"audioPlay":false,"sceneViewState":{"showFog":true,"showMaterialUpdate":false,"showSkybox":true,"showFlares":true,"showImageEffects":true,"showParticleSystems":true},"in2DMode":false,"pivot":{"x":270.3898620605469,"y":16.553749084472658,"z":711.7654418945313},"rotation":{"x":0.11542078852653504,"y":0.11002285778522492,"z":-0.012865245342254639,"w":0.9871228337287903},"size":228.30369567871095,"orthographic":true}